<?xml version="1.0" encoding="ISO-8859-1" ?>

<!DOCTYPE struts-config PUBLIC
          "-//Apache Software Foundation//DTD Struts Configuration 1.3//EN"
          "http://struts.apache.org/dtds/struts-config_1_3.dtd">

<struts-config>

	<!-- ================================================ Form Bean Definitions -->

	<form-beans>
		<!-- sample form bean descriptor for an ActionForm <form-bean name="inputForm" 
			type="app.InputForm"/> end sample -->

		<!-- sample form bean descriptor for a DynaActionForm <form-bean name="logonForm" 
			type="org.apache.struts.action.DynaActionForm"> <form-property name="username" 
			type="java.lang.String"/> <form-property name="password" type="java.lang.String"/> 
			</form-bean> end sample -->
	</form-beans>


	<!-- ========================================= Global Exception Definitions -->

	<global-exceptions>
		<!-- sample exception handler <exception key="expired.password" type="app.ExpiredPasswordException" 
			path="/changePassword.jsp"/> end sample -->
	</global-exceptions>


	<!-- =========================================== Global Forward Definitions -->

	<global-forwards>
		<!-- Default forward to "Welcome" action -->
		<!-- Demonstrates using index.jsp to forward -->
		<forward name="welcome" path="/Welcome.do" />
	</global-forwards>


	<!-- =========================================== Action Mapping Definitions -->

	<action-mappings>
		<action path="/Welcome" forward="/index.jsp" />

		<!-- sample input and input submit actions <action path="/Input" type="org.apache.struts.actions.ForwardAction" 
			parameter="/pages/Input.jsp"/> <action path="/InputSubmit" type="app.InputAction" 
			name="inputForm" scope="request" validate="true" input="/pages/Input.jsp"/> 
			<action path="/edit*" type="app.Edit{1}Action" name="inputForm" scope="request" 
			validate="true" input="/pages/Edit{1}.jsp"/> end samples -->
	</action-mappings>


	<!-- ======================================== Message Resources Definitions -->

	<message-resources parameter="messages" />


	<!-- =============================================== Plug Ins Configuration -->

	<!-- ======================================================= Tiles plugin -->
	<!-- This plugin initialize Tiles definition factory. This later can takes 
		some parameters explained here after. The plugin first read parameters from 
		web.xml, thenoverload them with parameters defined here. All parameters are 
		optional. The plugin should be declared in each struts-config file. - definitions-config: 
		(optional) Specify configuration file names. There can be several comma separated 
		file names (default: ?? ) - moduleAware: (optional - struts1.1) Specify if 
		the Tiles definition factory is module aware. If true (default), there will 
		be one factory for each Struts module. If false, there will be one common 
		factory for all module. In this later case, it is still needed to declare 
		one plugin per module. The factory will be initialized with parameters found 
		in the first initialized plugin (generally the one associated with the default 
		module). true : One factory per module. (default) false : one single shared 
		factory for all modules - definitions-parser-validate: (optional) Specify 
		if xml parser should validate the Tiles configuration file. true : validate. 
		DTD should be specified in file header (default) false : no validation Paths 
		found in Tiles definitions are relative to the main context. To use this 
		plugin, download and add the Tiles jar to your WEB-INF/lib directory then 
		uncomment the plugin definition below. <plug-in className="org.apache.struts.tiles.TilesPlugin" 
		> <set-property property="definitions-config" value="/WEB-INF/tiles-defs.xml" 
		/> <set-property property="moduleAware" value="true" /> </plug-in> -->


	<!-- =================================================== Validator plugin -->

	<plug-in className="org.apache.struts.validator.ValidatorPlugIn">
		<set-property property="pathnames"
			value="/org/apache/struts/validator/validator-rules.xml,
               /WEB-INF/validation.xml" />
	</plug-in>

</struts-config>
